{
    "m": {
        "m": 0.027958567424178626,
        "r": 0.0007699433369825439,
        "v": 0.0022977996463072795,
        "n": 0.004114384707000469,
        "t": 0.0014316133922019176,
        "p": 0.000866186254105362,
        "s": 0.001215066828675577,
        "z": 0.00038497166849127195,
        "o": 0.002129374541342348,
        "x": 0.0006376093259386692,
        "w": 0.0007458826077018395,
        "u": 0.000721821878421135,
        "q": 1.2030364640352248e-05,
        "g": 0.0,
        "a": 0.0,
        "b": 0.0,
        "I": 0.0,
        "e": 0.0,
        "k": 0.0,
        "f": 0.0,
        "d": 0.0,
        "j": 0.0,
        "c": 0.0,
        "l": 0.0,
        "i": 0.0,
        ".": 0.0
    },
    "u": {
        "u": 0.021630595623353344,
        "v": 0.0011910060993948726,
        "z": 0.00030075911600880624,
        "w": 0.00045715385633338546,
        "x": 0.0003127894806491585,
        "m": 0.0,
        "g": 0.0,
        "a": 0.0,
        "b": 0.0,
        "I": 0.0,
        "p": 0.0,
        "s": 0.0,
        "e": 0.0,
        "k": 0.0,
        "f": 0.0,
        "r": 0.0,
        "n": 0.0,
        "d": 0.0,
        "o": 0.0,
        "j": 0.0,
        "c": 0.0,
        "t": 0.0,
        "l": 0.0,
        "i": 0.0,
        "q": 0.0,
        ".": 0.0
    },
    "g": {
        "g": 0.00780770665158861,
        "r": 0.0003488805745702152,
        "o": 0.0003970020331316242,
        "p": 0.000577457502736908,
        "s": 0.00030075911600880624,
        "z": 0.00038497166849127195,
        "m": 0.0008300951601843052,
        "i": 0.0008541558894650097,
        "w": 0.00033685020992986296,
        "n": 0.0005052753148947945,
        "l": 0.00040903239777197647,
        "k": 0.0006737004198597259,
        "j": 0.00030075911600880624,
        "v": 0.0003248198452895107,
        "u": 0.00038497166849127195,
        "t": 0.0005052753148947945,
        "x": 0.00019248583424563598,
        "a": 0.0,
        "b": 0.0,
        "I": 0.0,
        "e": 0.0,
        "f": 0.0,
        "d": 0.0,
        "c": 0.0,
        "q": 0.0,
        ".": 0.0
    },
    "a": {
        "w": 0.0003970020331316242,
        "u": 0.0014797348507633267,
        "l": 0.000433093127052681,
        "a": 0.04176942603130301,
        "t": 0.0011308542761931115,
        "e": 0.00946789697195722,
        "o": 0.006291880706904227,
        "n": 0.0010466417237106457,
        "z": 0.0004932449502544422,
        "m": 0.0012752186518773384,
        "d": 0.0010827328176317025,
        "k": 0.0005533967734562034,
        "v": 0.0007097915137807827,
        "j": 0.0005293360441754989,
        "p": 0.000577457502736908,
        "x": 0.00018045546960528374,
        "r": 0.0006496396905790214,
        "g": 0.0002766983867281017,
        "i": 0.000721821878421135,
        "c": 0.00022857692816669273,
        "s": 0.0006376093259386692,
        "b": 0.000721821878421135,
        "f": 0.00022857692816669273,
        "I": 0.0,
        "q": 0.0,
        ".": 0.0
    },
    "b": {
        "b": 0.012415336308843521,
        "f": 0.00045715385633338546,
        "r": 0.0005052753148947945,
        "v": 0.004090323977719764,
        "g": 0.0014075526629212132,
        "i": 0.0006977611491404305,
        "o": 0.0010586720883509978,
        "s": 0.0009503988065878276,
        "j": 0.0008180647955439529,
        "n": 0.001395522298280861,
        "z": 0.0002165465635263405,
        "k": 0.0006376093259386692,
        "e": 0.0009985202651492367,
        "m": 0.0009864899005088844,
        "p": 0.0009263380773071231,
        "u": 0.0003488805745702152,
        "x": 0.0003970020331316242,
        "d": 0.0023820121987897453,
        "t": 0.0008060344309036007,
        "l": 0.00040903239777197647,
        "c": 0.00010827328176317025,
        "w": 0.00030075911600880624,
        "a": 0.0,
        "I": 0.0,
        "q": 0.0,
        ".": 0.0
    },
    "I": {
        "I": 0.033949689015074044,
        "d": 0.001732372508210724,
        "o": 0.005594119557763796,
        "a": 0.005016662055026888,
        "m": 0.0006135485966579647,
        "u": 0.001744402872851076,
        "t": 0.000721821878421135,
        "e": 0.010370174319983638,
        "z": 0.000577457502736908,
        "g": 0.0005293360441754989,
        "n": 0.001263188287236986,
        "i": 0.001251157922596634,
        "v": 0.001251157922596634,
        "s": 0.000433093127052681,
        "r": 0.0010586720883509978,
        "j": 0.0024902854805529157,
        "k": 0.0006977611491404305,
        "l": 0.0009383684419474754,
        "p": 0.0005533967734562034,
        "c": 0.00030075911600880624,
        "w": 0.0002165465635263405,
        "b": 0.00038497166849127195,
        "f": 0.00015639474032457925,
        "x": 0.00022857692816669273,
        "q": 0.0,
        ".": 0.0
    },
    "p": {
        "v": 0.0009744595358685322,
        "p": 0.029221755711415612,
        "w": 0.0005173056795351467,
        "t": 0.0020090708949388257,
        "s": 0.0003248198452895107,
        "u": 0.0005413664088158512,
        "x": 0.00025263765744739725,
        "r": 0.0004451234916930332,
        "z": 0.00025263765744739725,
        "m": 0.0,
        "g": 0.0,
        "a": 0.0,
        "b": 0.0,
        "I": 0.0,
        "e": 0.0,
        "k": 0.0,
        "f": 0.0,
        "n": 0.0,
        "d": 0.0,
        "o": 0.0,
        "j": 0.0,
        "c": 0.0,
        "l": 0.0,
        "i": 0.0,
        "q": 0.0,
        ".": 0.0
    },
    "s": {
        "s": 0.07143630523441165,
        "u": 0.0008421255248246575,
        "v": 0.0008541558894650097,
        "z": 0.0013233401104387474,
        "t": 0.00030075911600880624,
        "w": 0.00020451619888598824,
        "x": 0.0002165465635263405,
        "m": 0.0,
        "g": 0.0,
        "a": 0.0,
        "b": 0.0,
        "I": 0.0,
        "p": 0.0,
        "e": 0.0,
        "k": 0.0,
        "f": 0.0,
        "r": 0.0,
        "n": 0.0,
        "d": 0.0,
        "o": 0.0,
        "j": 0.0,
        "c": 0.0,
        "l": 0.0,
        "i": 0.0,
        "q": 0.0,
        ".": 0.0
    },
    "e": {
        "e": 0.07801691469268433,
        "g": 0.0005894878673772602,
        "k": 0.0007940040662632484,
        "u": 0.0018045546960528374,
        "o": 0.00732649206597452,
        "n": 0.0013113097457983951,
        "v": 0.001696281414289667,
        "r": 0.00096242917122818,
        "z": 0.0008541558894650097,
        "m": 0.001684251049649315,
        "i": 0.003621139756746027,
        "x": 0.0013353704750790995,
        "l": 0.0009143077126667709,
        "w": 0.0011428846408334636,
        "j": 0.0004932449502544422,
        "s": 0.000866186254105362,
        "t": 0.0010947631822720548,
        "p": 0.0005894878673772602,
        "f": 9.624291712281799e-05,
        "a": 0.0,
        "b": 0.0,
        "I": 0.0,
        "d": 0.0,
        "c": 0.0,
        "q": 0.0,
        ".": 0.0
    },
    "k": {
        "z": 0.0005173056795351467,
        "u": 0.0003970020331316242,
        "k": 0.028836784042924342,
        "s": 0.0007458826077018395,
        "r": 0.0007097915137807827,
        "w": 0.00037294130385091975,
        "n": 0.0009744595358685322,
        "p": 0.0015639474032457924,
        "o": 0.0009143077126667709,
        "l": 0.00037294130385091975,
        "t": 0.0016120688618072015,
        "x": 0.0004451234916930332,
        "m": 0.0007458826077018395,
        "v": 0.000721821878421135,
        "g": 0.0,
        "a": 0.0,
        "b": 0.0,
        "I": 0.0,
        "e": 0.0,
        "f": 0.0,
        "d": 0.0,
        "j": 0.0,
        "c": 0.0,
        "i": 0.0,
        "q": 0.0,
        ".": 0.0
    },
    "f": {
        "u": 0.0003127894806491585,
        "o": 0.00016842510496493148,
        "f": 0.003188046629693346,
        "v": 0.000288728751368454,
        "p": 0.00026466802208774946,
        "t": 0.0003970020331316242,
        "m": 0.000577457502736908,
        "g": 8.421255248246574e-05,
        "r": 0.0007579129723421917,
        "j": 0.0003609109392105675,
        "n": 0.0002766983867281017,