{
    "mm": 8.162894461950355,
    "mu": -3.7078324200155257,
    "mg": -0.7370022716206465,
    "ma": -3.81367862438715,
    "mb": -1.834033574781132,
    "mI": -5.624298697867812,
    "mp": -3.561168317326936,
    "ms": -4.851316626099192,
    "me": -4.621488188728221,
    "mk": -3.988831005375463,
    "mf": 0.5210503094305584,
    "mz": -5.731657062382031,
    "mn": -1.5484414107144182,
    "md": -3.319381289384054,
    "mo": -3.7348020752661335,
    "mj": -3.524408133256075,
    "mc": -5.332053628138284,
    "mt": -4.10259997796033,
    "mv": -0.8939959135129525,
    "mr": -3.953626596546945,
    "mw": -1.747891689233053,
    "mi": -3.042134809915648,
    "ml": -1.6244623754400698,
    "mx": -0.27380472753334156,
    "m.": -2.04569939880538,
    "mq": 6.072087979301757,
    "um": -3.7078324200155257,
    "uu": 8.783021633422472,
    "ug": -2.2737705515508453,
    "ua": -2.7042098892089297,
    "ub": -4.152894960136016,
    "uI": -1.9290505681547943,
    "up": -4.2370314939260725,
    "us": -5.2288929240867095,
    "ue": -3.742136208000253,
    "uk": -5.128154753806168,
    "uf": -0.5677146221034303,
    "uz": -5.763664049206442,
    "un": -5.749305959860242,
    "ud": -3.741130993353552,
    "uo": -0.38793274196537986,
    "uj": -3.05795790746296,
    "uc": -4.486848674128199,
    "ut": -5.303562250176327,
    "uv": -2.1098596957990914,
    "ur": -5.0147799290308726,
    "uw": -2.4801486494934935,
    "ui": -3.081646066462275,
    "ul": -1.004929039900968,
    "ux": -1.6484855667514167,
    "u.": -1.3654187651792418,
    "uq": -100,
    "gm": -0.7370022716206465,
    "gu": -2.2737705515508453,
    "gg": 10.977941210503012,
    "ga": -4.974552561717805,
    "gb": 2.439434914831228,
    "gI": -2.802443084854491,
    "gp": -1.4832502590875312,
    "gs": -5.632184152371614,
    "ge": -4.40279147470602,
    "gk": -1.0346707223522875,
    "gf": -1.786321788214828,
    "gz": -2.4838140027003135,
    "gn": -4.351668535246975,
    "gd": -1.3822418869274447,
    "go": -5.333381877033504,
    "gj": -3.2474187279148405,
    "gc": -5.615280061182519,
    "gt": -3.8597575993369784,
    "gv": -3.291235505575795,
    "gr": -2.989821546610083,
    "gw": -0.7937314062098778,
    "gi": -0.028370592614368632,
    "gl": 0.6283813653000146,
    "gx": -0.4818025769780227,
    "g.": -100,
    "gq": -100,
    "am": -3.81367862438715,
    "au": -2.7042098892089297,
    "ag": -4.974552561717805,
    "aa": 7.185957642720564,
    "ab": -3.8029816814551083,
    "aI": -0.6289675235763218,
    "ap": -5.798718607424096,
    "as": -7.77952397113123,
    "ae": -0.7072398602580278,
    "ak": -5.917725002690034,
    "af": -3.220644953779429,
    "az": -6.08417834180071,
    "an": -6.565884737443604,
    "ad": -3.357860232379384,
    "ao": -1.6763041915930919,
    "aj": -5.93173621852626,
    "ac": -6.078749572406638,
    "at": -5.850683089875789,
    "av": -5.351192759515614,
    "ar": -5.511476880874854,
    "aw": -4.635121359944743,
    "ai": -4.82955198874326,
    "al": -3.5221626626526037,
    "ax": -4.9834897340975495,
    "a.": -100,
    "aq": -100,
    "bm": -1.834033574781132,
    "bu": -4.152894960136016,
    "bg": 2.439434914831228,
    "ba": -3.8029816814551083,
    "bb": 9.12607358767061,
    "bI": -5.3163927209694,
    "bp": -1.7146885779803558,
    "bs": -3.9074214344071727,
    "be": -4.4772186990829015,
    "bk": -2.7886260561814127,
    "bf": 1.49973699571682,
    "bz": -5.739050398656004,
    "bn": -3.0154277893896664,
    "bd": 1.6375287646167351,
    "bo": -4.098393277316132,
    "bj": -1.955291823803927,
    "bc": -5.514372646912935,
    "bt": -4.1073004628192695,
    "bv": 2.4226849635323564,
    "br": -3.5162350901480215,
    "bw": -2.7158152696159514,
    "bi": -2.2069892402089035,
    "bl": -0.9667050335403004,
    "bx": 0.011899262898569197,
    "b.": -100,
    "bq": -100,
    "Im": -5.624298697867812,
    "Iu": -1.9290505681547943,
    "Ig": -2.802443084854491,
    "Ia": -0.6289675235763218,
    "Ib": -5.3163927209694,
    "II": 7.188600026431624,
    "Ip": -5.6211495450496365,
    "Is": -8.595144725670258,
    "Ie": -0.14422124139205847,
    "Ik": -4.94851677284617,
    "If": -4.01525039268167,
    "Iz": -5.328987197891819,
    "In": -5.72291054210607,
    "Id": -1.701346270451363,
    "Io": -1.715094500393442,
    "Ij": -1.1632553890994584,
    "Ic": -4.986522068041613,
    "It": -6.84570945031128,
    "Iv": -3.4152292702543656,
    "Ir": -3.802018496224451,
    "Iw": -6.083689444074279,
    "Ii": -2.9420835919753667,
    "Il": -0.9908380761099862,
    "Ix": -4.00104574672467,
    "I.": -2.812954535757481,
    "Iq": -100,
    "pm": -3.561168317326936,
    "pu": -4.2370314939260725,
    "pg": -1.4832502590875312,
    "pa": -5.798718607424096,
    "pb": -1.7146885779803558,
    "pI": -5.6211495450496365,
    "pp": 8.89215115370731,
    "ps": -8.357088662628703,
    "pe": -7.349758609740596,
    "pk": -1.5516120754451634,
    "pf": -1.4291355300900186,
    "pz": -6.646146292177369,
    "pn": -6.853850827608657,
    "pd": -2.9730652117367464,
    "po": -5.911499869793226,
    "pj": -4.7669942332627,
    "pc": -4.710248359104651,
    "pt": -2.8239509949809714,
    "pv": -3.068277639168059,
    "pr": -5.233843940641904,
    "pw": -2.502878875955467,
    "pi": -5.98711958710886,
    "pl": -3.70887660667772,
    "px": -2.6441348664550786,
    "p.": -1.7448234741582396,
    "pq": -100,
    "sm": -4.851316626099192,
    "su": -5.2288929240867095,
    "sg": -5.632184152371614,
    "sa": -7.77952397113123,
    "sb": -3.9074214344071727,
    "sI": -8.595144725670258,
    "sp": -8.357088662628703,
    "ss": 6.93793781762645,
    "se": -8.506049566477607,
    "sk": -5.9546763521195425,
    "sf": -3.000010194640625,
    "sz": -4.134782982076791,
    "sn": -7.033568821726704,
    "sd": -5.783945574001569,
    "so": -6.3979763767291935,
    "sj": -6.347940077607903,
    "sc": -1.0344876164587185,
    "st": -10.570368471770847,
    "sv": -5.715204677319165,
    "sr": -4.057997268165252,
    "sw": -7.447203974250204,
    "si": -7.63316061727578,
    "sl": -4.420382720741837,
    "sx": -5.355640980519194,
    "s.": -100,
    "sq": -100,
    "em": -4.621488188728221,
    "eu": -3.742136208000253,
    "eg": -4.40279147470602,
    "ea": -0.7072398602580278,
    "eb": -4.4772186990829015,
    "eI": -0.14422124139205847,
    "ep": -7.349758609740596,
    "es": -8.506049566477607,
    "ee": 5.767567517900519,
    "ek": -6.486595365191758,
    "ef": -7.327034669771206,
    "ez": -6.110322801132118,
    "en": -7.525937768691813,
    "ed": -4.782176112701027,
    "eo": -2.8475763173789153,
    "ej": -7.746030135669292,
    "ec": -7.4005044428408935,
    "et": -7.554806201938276,
    "ev": -4.447910842546314,
    "er": -5.987930384531672,
    "ew": -3.1947330711043596,
    "ei": -1.7866285155454986,
    "el": -2.9766923277546624,
    "ex": -0.8189738817189802,
    "e.": 2.8908504675503766,
    "eq": -100,
    "km": -3.988831005375463,
    "ku": -5.128154753806168,
    "kg": -1.0346707223522875,
    "ka": -5.917725002690034,
    "kb": -2.7886260561814127,
    "kI": -4.94851677284617,
    "kp": -1.5516120754451634,
    "ks": -5.9546763521195425,
    "ke": -6.486595365191758,
    "kk": 8.861475379858542,
    "kf": -3.70034788352754,
    "kz": -4.574456934268347,
    "kn": -5.399775816007476,
    "kd": -3.4594955133474614,
    "ko": -5.869487529835469,
    "kj": -4.907499110712022,
    "kc": -3.6925336876025368,
    "kt": -3.4553865049511834,
    "kv": -3.930401759657924,
    "kr": -3.883669879113774,
    "kw": -3.443221070523564,
    "ki": -4.852130541338062,
    "kl": -2.581324137399143,
    "kx": -1.0060682866923523,
    "k.": -100,
    "kq": -100,
    "fm": 0.5210503094305584,
    "fu": -0.5677146221034303,
    "fg": -1.786321788214828,
    "fa": -3.220644953779429,
    "fb": 1.49973699571682,
    "fI": -4.01525039268167,
    "fp": -1.4291355300900186,
    "fs": -3.000010194640625,
    "fe": -7.327034669771206,
    "fk": -3.70034788352754,
    "ff": 13.003841959736318,